{"cameraMode":{"drawMode":0,"name":"Shaded","section":"Shading Mode"},"sceneLighting":false,"audioPlay":false,"sceneViewState":{"m_AlwaysRefresh":false,"showFog":true,"showSkybox":false,"showFlares":true,"showImageEffects":true,"showParticleSystems":true,"showVisualEffectGraphs":true,"m_FxEnabled":false},"in2DMode":false,"pivot":{"x":-1.1920928955078126e-7,"y":0.20198917388916017,"z":-5.960464477539063e-8},"rotation":{"x":-0.11254806071519852,"y":0.019968312233686448,"z":-0.002261777874082327,"w":-0.9934458136558533},"size":2.384298801422119,"orthographic":false}