{"cameraMode":{"drawMode":0,"name":"Shaded","section":"Shading Mode"},"sceneLighting":true,"audioPlay":false,"sceneViewState":{"m_AlwaysRefresh":false,"showFog":true,"showSkybox":true,"showFlares":true,"showImageEffects":true,"showParticleSystems":true,"showVisualEffectGraphs":true,"m_FxEnabled":false},"in2DMode":false,"pivot":{"x":0.16743500530719758,"y":7.3572211265563969,"z":-0.7563806772232056},"rotation":{"x":-0.025806499645113946,"y":0.005095756147056818,"z":-0.00013133988250046968,"w":-0.9996577501296997},"size":5.9827470779418949,"orthographic":false}